GEOID,state_code,state_abbr,state_name,2010_density,2010_diversity_index,2010_pop,2010_pop_hisp,2010_pop_white_non_hisp,2010_pop_black_non_hisp,2010_pop_aian_non_hisp,2010_pop_asian_non_hisp,2010_pop_nhpi_non_hisp,2010_pop_other_non_hisp,2010_pop_two_plus_non_hisp,2010_vap,2010_vap_hisp,2010_vap_white_non_hisp,2010_vap_black_non_hisp,2010_vap_aian_non_hisp,2010_vap_asian_non_hisp,2010_vap_nhpi_non_hisp,2010_vap_other_non_hisp,2010_vap_two_plus_non_hisp,2010_u18,2010_u18_hisp,2010_u18_white_non_hisp,2010_u18_black_non_hisp,2010_u18_aian_non_hisp,2010_u18_asian_non_hisp,2010_u18_nhpi_non_hisp,2010_u18_other_non_hisp,2010_u18_two_plus_non_hisp,2010_gq,2010_gq_inst,2010_gq_inst_correctional,2010_gq_inst_juvenile,2010_gq_inst_nurse,2010_gq_inst_other,2010_gq_noninst,2010_gq_noninst_college,2010_gq_noninst_military,2010_gq_noninst_other,2010_prop_gq_inst_correctional_of_pop,2010_hu,2010_hu_occupied,2010_hu_vacant,2010_vacancy_rate,2010_land_area_sqmeters,2010_land_area_sqmi,2010_water_area_sqmeters,2020_density,2020_diversity_index,2020_pop,2020_pop_hisp,2020_pop_white_non_hisp,2020_pop_black_non_hisp,2020_pop_aian_non_hisp,2020_pop_asian_non_hisp,2020_pop_nhpi_non_hisp,2020_pop_other_non_hisp,2020_pop_two_plus_non_hisp,2020_vap,2020_vap_hisp,2020_vap_white_non_hisp,2020_vap_black_non_hisp,2020_vap_aian_non_hisp,2020_vap_asian_non_hisp,2020_vap_nhpi_non_hisp,2020_vap_other_non_hisp,2020_vap_two_plus_non_hisp,2020_u18,2020_u18_hisp,2020_u18_white_non_hisp,2020_u18_black_non_hisp,2020_u18_aian_non_hisp,2020_u18_asian_non_hisp,2020_u18_nhpi_non_hisp,2020_u18_other_non_hisp,2020_u18_two_plus_non_hisp,2020_gq,2020_gq_inst,2020_gq_inst_correctional,2020_gq_inst_juvenile,2020_gq_inst_nurse,2020_gq_inst_other,2020_gq_noninst,2020_gq_noninst_college,2020_gq_noninst_military,2020_gq_noninst_other,2020_prop_gq_inst_correctional_of_pop,2020_hu,2020_hu_occupied,2020_hu_vacant,2020_vacancy_rate,2020_land_area_sqmeters,2020_land_area_sqmi,2020_water_area_sqmeters,raw_change_density,raw_change_diversity_index,raw_change_pop,raw_change_pop_hisp,raw_change_pop_white_non_hisp,raw_change_pop_black_non_hisp,raw_change_pop_aian_non_hisp,raw_change_pop_asian_non_hisp,raw_change_pop_nhpi_non_hisp,raw_change_pop_other_non_hisp,raw_change_pop_two_plus_non_hisp,raw_change_vap,raw_change_vap_hisp,raw_change_vap_white_non_hisp,raw_change_vap_black_non_hisp,raw_change_vap_aian_non_hisp,raw_change_vap_asian_non_hisp,raw_change_vap_nhpi_non_hisp,raw_change_vap_other_non_hisp,raw_change_vap_two_plus_non_hisp,raw_change_u18,raw_change_u18_hisp,raw_change_u18_white_non_hisp,raw_change_u18_black_non_hisp,raw_change_u18_aian_non_hisp,raw_change_u18_asian_non_hisp,raw_change_u18_nhpi_non_hisp,raw_change_u18_other_non_hisp,raw_change_u18_two_plus_non_hisp,raw_change_gq,raw_change_gq_inst,raw_change_gq_inst_correctional,raw_change_gq_inst_juvenile,raw_change_gq_inst_nurse,raw_change_gq_inst_other,raw_change_gq_noninst,raw_change_gq_noninst_college,raw_change_gq_noninst_military,raw_change_gq_noninst_other,raw_change_prop_gq_inst_correctional_of_pop,raw_change_hu,raw_change_hu_occupied,raw_change_hu_vacant,raw_change_vacancy_rate,raw_change_land_area_meters,raw_change_land_area_sqmi,raw_change_water_area_meters,prop_change_density,prop_change_pop,prop_change_pop_hisp,prop_change_pop_white_non_hisp,prop_change_pop_black_non_hisp,prop_change_pop_aian_non_hisp,prop_change_pop_asian_non_hisp,prop_change_pop_nhpi_non_hisp,prop_change_pop_other_non_hisp,prop_change_pop_two_plus_non_hisp,prop_change_vap,prop_change_vap_hisp,prop_change_vap_white_non_hisp,prop_change_vap_black_non_hisp,prop_change_vap_aian_non_hisp,prop_change_vap_asian_non_hisp,prop_change_vap_nhpi_non_hisp,prop_change_vap_other_non_hisp,prop_change_vap_two_plus_non_hisp,prop_change_u18,prop_change_u18_hisp,prop_change_u18_white_non_hisp,prop_change_u18_black_non_hisp,prop_change_u18_aian_non_hisp,prop_change_u18_asian_non_hisp,prop_change_u18_nhpi_non_hisp,prop_change_u18_other_non_hisp,prop_change_u18_two_plus_non_hisp,prop_change_gq,prop_change_gq_inst,prop_change_gq_inst_correctional,prop_change_gq_inst_juvenile,prop_change_gq_inst_nurse,prop_change_gq_inst_other,prop_change_gq_noninst,prop_change_gq_noninst_college,prop_change_gq_noninst_military,prop_change_gq_noninst_other,prop_change_hu,prop_change_hu_occupied,prop_change_hu_vacant,prop_change_land_area_sqmi,flag_prop_change_land_area
0400000US01,01,AL,Alabama,94.37664557926003,48,4779736,185602,3204402,1244437,25907,52937,1976,4030,60445,3647277,118336,2530761,902278,19550,40229,1414,1839,32870,1132459,67266,673641,342159,6357,12708,562,2191,27575,115816,67004,41177,1768,22995,1064,48812,36341,2152,10319,0.86,2171853,1883791,288062,13.26,131170787086,50645.32618915609,4596557532,99.20165138871948,53,5024279,264047,3171351,1288159,23119,75918,2612,14455,184618,3917166,166856,2564544,976732,18137,59997,1872,9084,119944,1107113,97191,606807,311427,4982,15921,740,5371,64674,127934,70648,39749,1479,27869,1551,57286,45489,1079,10718,0.79,2288330,2011947,276383,12.08,131175460655,50647.13066431196,4591915034,4.825005809459455,5,244543,78445,-33051,43722,-2788,22981,636,10425,124173,269889,48520,33783,74454,-1413,19768,458,7245,87074,-25346,29925,-66834,-30732,-1375,3213,178,3180,37099,12118,3644,-1428,-289,4874,487,8474,9148,-1073,399,-0.06999999999999995,116477,128156,-11679,-1.1799999999999997,4673569,1.8044751558700227,-4642498,5.11,5.12,42.27,-1.03,3.51,-10.76,43.41,32.19,258.68,205.43,7.4,41,1.33,8.25,-7.23,49.14,32.39,393.96,264.9,-2.24,44.49,-9.92,-8.98,-21.63,25.28,31.67,145.14,134.54,10.46,5.44,-3.47,-16.35,21.2,45.77,17.36,25.17,-49.86,3.87,5.36,6.8,-4.05,0,0
0400000US02,02,AK,Alaska,1.24461975712021,56,710231,39249,455320,21949,102556,37459,7219,1111,45368,522853,24437,356987,16129,69383,27883,4496,718,22820,187378,14812,98333,5820,33173,9576,2723,393,22548,26352,6458,4206,515,1626,111,19894,1872,5055,12967,0.59,306967,258058,48909,15.93,1477953211577,570640.9495244765,245383480336,1.284347210679423,63,733391,49824,421758,20731,108838,43449,12455,4575,71761,554003,33441,340580,16566,75017,34290,8122,3308,42679,179388,16383,81178,4165,33821,9159,4333,1267,29082,30291,7177,4842,457,1781,97,23114,1472,5836,15806,0.66,326200,269148,57052,17.49,1478941109938,571022.3792303285,245380162784,0.03972745355921292,7,23160,10575,-33562,-1218,6282,5990,5236,3464,26393,31150,9004,-16407,437,5634,6407,3626,2590,19859,-7990,1571,-17155,-1655,648,-417,1610,874,6534,3939,719,636,-58,155,-14,3220,-400,781,2839,0.07000000000000006,19233,11090,8143,1.5599999999999987,987898361,381.42970585194416,-3317552,3.19,3.26,26.94,-7.37,-5.55,6.13,15.99,72.53,311.79,58.18,5.96,36.85,-4.6,2.71,8.12,22.98,80.65,360.72,87.02,-4.26,10.61,-17.45,-28.44,1.95,-4.35,59.13,222.39,28.98,14.95,11.13,15.12,-11.26,9.53,-12.61,16.19,-21.37,15.45,21.89,6.27,4.3,16.65,0.07,0
0400000US04,04,AZ,Arizona,56.27068571959409,57,6392017,1895149,3695647,239101,257426,170509,10959,8595,114631,4763003,1191203,3017895,172249,175207,132317,8200,5560,60372,1629014,703946,677752,66852,82219,38192,2759,3035,54259,139384,84788,67767,2347,13819,855,54596,27987,5172,21437,1.06,2844526,2380990,463536,16.3,294207314414,113594.08399343936,1026196264,62.92377356710272,62,7151502,2192253,3816547,317161,263930,248837,14323,31611,266840,5541976,1489617,3218094,236894,189473,199796,10590,23269,174243,1609526,702636,598453,80267,74457,49041,3733,8342,92597,160269,89904,64154,2331,21938,1481,70365,38945,4284,27136,0.9,3082000,2705878,376122,12.2,294360991275,113653.41896371721,858853288,6.65308784750863,5,759485,297104,120900,78060,6504,78328,3364,23016,152209,778973,298414,200199,64645,14266,67479,2390,17709,113871,-19488,-1310,-79299,13415,-7762,10849,974,5307,38338,20885,5116,-3613,-16,8119,626,15769,10958,-888,5699,-0.16000000000000003,237474,324888,-87414,-4.100000000000001,153676861,59.334970277850516,-167342976,11.82,11.88,15.68,3.27,32.65,2.53,45.94,30.7,267.78,132.78,16.35,25.05,6.63,37.53,8.14,51,29.15,318.51,188.62,-1.2,-0.19,-11.7,20.07,-9.44,28.41,35.3,174.86,70.66,14.98,6.03,-5.33,-0.68,58.75,73.22,28.88,39.15,-17.17,26.58,8.35,13.65,-18.86,0.05,0
0400000US05,05,AR,Arkansas,56.03711466438573,42,2915918,186050,2173469,447102,20183,35647,5509,2121,45837,2204443,111094,1708907,313887,14876,26790,3171,1032,24686,711475,74956,464562,133215,5307,8857,2338,1089,21151,78931,47287,25844,2176,18532,735,31644,24144,619,6881,0.89,1316299,1147084,169215,12.86,134771261408,52035.47715587872,2960539257,57.921890383828206,50,3011524,256847,2063550,449884,20549,51210,14280,8047,147157,2312273,162002,1653772,331235,15691,39675,8250,5260,96388,699251,94845,409778,118649,4858,11535,6030,2787,50769,82518,48001,27079,1248,19266,408,34517,26887,741,6889,0.9,1365265,1199395,165870,12.15,134660850501,51992.847264543314,3121867339,1.884775719442473,8,95606,70797,-109919,2782,366,15563,8771,5926,101320,107830,50908,-55135,17348,815,12885,5079,4228,71702,-12224,19889,-54784,-14566,-449,2678,3692,1698,29618,3587,714,1235,-928,734,-327,2873,2743,122,8,0.010000000000000009,48966,52311,-3345,-0.7099999999999991,-110410907,-42.629891335403954,161328082,3.36,3.28,38.05,-5.06,0.62,1.81,43.66,159.21,279.4,221.04,4.89,45.82,-3.23,5.53,5.48,48.1,160.17,409.69,290.46,-1.72,26.53,-11.79,-10.93,-8.46,30.24,157.91,155.92,140.03,4.54,1.51,4.78,-42.65,3.96,-44.49,9.08,11.36,19.71,0.12,3.72,4.56,-1.98,-0.08,0
0400000US06,06,CA,California,239.14586320334502,68,37253956,14013719,14956253,2163804,162250,4775070,128577,85587,968696,27958916,9257499,12409858,1640279,125020,3809082,96399,59024,561755,9295040,4756220,2546395,523525,37230,965988,32178,26563,406941,819816,397142,256807,18610,111884,9841,422674,172843,57628,192203,0.69,13680081,12577498,1102583,8.06,403466310059,155779.21984928116,20501110720,253.68053038315904,70,39538223,15579652,13714587,2119286,156085,5978795,138167,223929,1627722,30827105,11083294,11672897,1694380,122657,4906293,109178,162339,1076067,8711118,4496358,2041690,424906,33428,1072502,28989,61590,551655,917932,344896,201570,8966,124804,9556,573036,230361,57173,285502,0.51,14392140,13475623,916517,6.37,403671196038,155858.32677139816,20294133830,14.534667179814022,2,2284267,1565933,-1241666,-44518,-6165,1203725,9590,138342,659026,2868189,1825795,-736961,54101,-2363,1097211,12779,103315,514312,-583922,-259862,-504705,-98619,-3802,106514,-3189,35027,144714,98116,-52246,-55237,-9644,12920,-285,150362,57518,-455,93299,-0.17999999999999994,712059,898125,-186066,-1.6900000000000004,204885979,79.1069221170037,-206976890,6.08,6.13,11.17,-8.3,-2.06,-3.8,25.21,7.46,161.64,68.03,10.26,19.72,-5.94,3.3,-1.89,28.81,13.26,175.04,91.55,-6.28,-5.46,-19.82,-18.84,-10.21,11.03,-9.91,131.86,35.56,11.97,-13.16,-21.51,-51.82,11.55,-2.9,35.57,33.28,-0.79,48.54,5.21,7.14,-16.88,0.05,0
0400000US08,08,CO,Colorado,48.52474316263636,46,5029196,1038687,3520793,188778,31244,135564,5661,7622,100847,3803587,664462,2810513,138811,23946,103339,4104,4850,53562,1225609,374225,710280,49967,7298,32225,1557,2772,47285,115878,61591,40568,2645,18079,299,54287,29952,10945,13390,0.81,2212898,1972868,240030,10.85,268431246426,103641.88808056254,1170101258,55.71090001935517,52,5773714,1263390,3760663,221310,33768,195220,9005,29560,260798,4509576,864196,3095664,168127,26942,155965,6646,21838,170198,1264138,399194,664999,53183,6826,39255,2359,7722,90600,126848,55851,32307,1525,21379,640,70997,38819,12999,19179,0.56,2491404,2257815,233589,9.38,268418746964,103637.06201109813,1185766400,7.18615685671881,6,744518,224703,239870,32532,2524,59656,3344,21938,159951,705989,199734,285151,29316,2996,52626,2542,16988,116636,38529,24969,-45281,3216,-472,7030,802,4950,43315,10970,-5740,-8261,-1120,3300,341,16710,8867,2054,5789,-0.25,278506,284947,-6441,-1.4699999999999989,-12499462,-4.826069464412285,15665142,14.81,14.8,21.63,6.81,17.23,8.08,44.01,59.07,287.82,158.61,18.56,30.06,10.15,21.12,12.51,50.93,61.94,350.27,217.76,3.14,6.67,-6.38,6.44,-6.47,21.82,51.51,178.57,91.6,9.47,-9.32,-20.36,-42.34,18.25,114.05,30.78,29.6,18.77,43.23,12.59,14.44,-2.68,-0,0
0400000US09,09,CT,Connecticut,738.0906554151319,46,3574097,479087,2546262,335119,6885,134091,958,12190,59505,2757082,318947,2046548,246016,5044,100486,729,8512,30800,817015,160140,499714,89103,1841,33605,229,3678,28705,118152,49370,20059,1807,26371,1133,68782,48537,3977,16268,0.56,1487891,1371087,116804,7.85,12541641427,4842.355032919071,1815734898,744.6646180661692,56,3605944,623293,2279232,360937,6404,170459,974,27076,137569,2869227,430695,1913793,279080,4967,132859,757,19450,87626,736717,192598,365439,81857,1437,37600,217,7626,49943,108002,38022,13581,910,22264,1267,69980,51718,2240,16022,0.38,1530197,1418069,112128,7.33,12541688516,4842.3732140843895,1816426151,6.573962651037277,10,31847,144206,-267030,25818,-481,36368,16,14886,78064,112145,111748,-132755,33064,-77,32373,28,10938,56826,-80298,32458,-134275,-7246,-404,3995,-12,3948,21238,-10150,-11348,-6478,-897,-4107,134,1198,3181,-1737,-246,-0.18000000000000005,42306,46982,-4676,-0.5199999999999996,47089,0.018181165318310377,691253,0.89,0.89,30.1,-10.49,7.7,-6.99,27.12,1.67,122.12,131.19,4.07,35.04,-6.49,13.44,-1.53,32.22,3.84,128.5,184.5,-9.83,20.27,-26.87,-8.13,-21.94,11.89,-5.24,107.34,73.99,-8.59,-22.99,-32.29,-49.64,-15.57,11.83,1.74,6.55,-43.68,-1.51,2.84,3.43,-4,0,0
0400000US10,10,DE,Delaware,460.8232192474518,52,897934,73221,586752,186782,2824,28308,238,1525,18284,692169,46136,477636,134984,2248,21667,177,829,8492,205765,27085,109116,51798,576,6641,61,696,9792,24413,11673,6457,382,4591,243,12740,10184,283,2273,0.72,405885,342297,63588,15.67,5046703785,1948.5433079226623,1399060967,508.04236586740205,60,989948,104290,579851,212960,2521,42398,304,4601,43023,783543,67906,489226,161576,2090,33202,240,3024,26279,206405,36384,90625,51384,431,9196,64,1577,16744,22745,9755,4801,114,4585,255,12990,11045,93,1852,0.48,448735,386375,62360,13.9,5046731558,1948.5540311383681,1399179670,47.219146619950266,8,92014,31069,-6901,26178,-303,14090,66,3076,24739,91374,21770,11590,26592,-158,11535,63,2195,17787,640,9299,-18491,-414,-145,2555,3,881,6952,-1668,-1918,-1656,-268,-6,12,250,861,-190,-421,-0.24,42850,44078,-1228,-1.7699999999999996,27773,0.010723215705866096,118703,10.25,10.25,42.43,-1.18,14.02,-10.73,49.77,27.73,201.7,135.3,13.2,47.19,2.43,19.7,-7.03,53.24,35.59,264.78,209.46,0.31,34.33,-16.95,-0.8,-25.17,38.47,4.92,126.58,71,-6.83,-16.43,-25.65,-70.16,-0.13,4.94,1.96,8.45,-67.14,-18.52,10.56,12.88,-1.93,0,0
0400000US11,11,DC,District of Columbia,9856.487388293104,62,601723,54749,209464,301053,1322,20818,216,1451,12650,500908,42708,191933,235249,1143,19221,195,1019,9440,100815,12041,17531,65804,179,1597,21,432,3210,40021,7339,3598,238,3064,439,32682,24087,1504,7091,0.6,296719,266707,30012,10.11,158114680,61.04842184596994,18884970,11280.678368932276,67,689545,77652,261771,282066,1277,33192,349,3753,29485,575161,60375,234767,223540,1063,30795,305,2876,21440,114384,17277,27004,58526,214,2397,44,877,8045,40682,5606,2278,315,2727,286,35076,23802,818,10456,0.33,350364,312448,37916,10.82,158316124,61.12619981250879,18709762,1424.1909806391723,5,87822,22903,52307,-18987,-45,12374,133,2302,16835,74253,17667,42834,-11709,-80,11574,110,1857,12000,13569,5236,9473,-7278,35,800,23,445,4835,661,-1733,-1320,77,-337,-153,2394,-285,-686,3365,-0.26999999999999996,53645,45741,7904,0.7100000000000009,201444,0.0777779665388465,-175208,14.45,14.6,41.83,24.97,-6.31,-3.4,59.44,61.57,158.65,133.08,14.82,41.37,22.32,-4.98,-7,60.22,56.41,182.24,127.12,13.46,43.48,54.04,-11.06,19.55,50.09,109.52,103.01,150.62,1.65,-23.61,-36.69,32.35,-11,-34.85,7.33,-1.18,-45.61,47.45,18.08,17.15,26.34,0.13,0
0400000US12,12,FL,Florida,350.6087569931316,59,18801310,4223806,10884722,2851100,47265,445216,9725,48462,291014,14799219,3119182,9058437,2033903,37078,349321,7536,30702,163060,4002091,1104624,1826285,817197,10187,95895,2189,17760,127954,421709,254506,167453,10061,73372,3620,167203,85243,14612,67348,0.89,8989580,7420802,1568778,17.45,138887481596,53624.75872320644,31424168203,401.4410933246529,64,21538187,5697240,11100503,3127052,42169,629626,11521,137933,792143,17339232,4332685,9476700,2344909,34541,510811,9027,96170,534389,4198955,1364555,1623803,782143,7628,118815,2494,41763,257754,464583,269206,149333,4203,112610,3060,195377,114794,11953,68630,0.69,9865350,8529067,1336283,13.55,138958484319,53652.17302898701,45975808217,50.83233633152133,5,2736877,1473434,215781,275952,-5096,184410,1796,89471,501129,2540013,1213503,418263,311006,-2537,161490,1491,65468,371329,196864,259931,-202482,-35054,-2559,22920,305,24003,129800,42874,14700,-18120,-5858,39238,-560,28174,29551,-2659,1282,-0.20000000000000007,875770,1108265,-232495,-3.8999999999999986,71002723,27.41430578057043,14551640014,14.5,14.56,34.88,1.98,9.68,-10.78,41.42,18.47,184.62,172.2,17.16,38.9,4.62,15.29,-6.84,46.23,19.79,213.24,227.73,4.92,23.53,-11.09,-4.29,-25.12,23.9,13.93,135.15,101.44,10.17,5.78,-10.82,-58.22,53.48,-15.47,16.85,34.67,-18.2,1.9,9.74,14.93,-14.82,0.05,0
0400000US13,13,GA,Georgia,168.44141786947554,59,9687653,853689,5413920,2910800,21279,311692,5152,19141,151980,7196101,539002,4242514,2072946,16324,234164,3699,10107,77345,2491552,314687,1171406,837854,4955,77528,1453,9034,74635,253199,144545,104012,3967,34738,1828,108654,72288,16072,20294,1.07,4088801,3585584,503217,12.31,148959236603,57513.48523738334,4951196915,185.59376514888018,64,10711908,1123457,5362156,3278119,20375,475680,6101,55887,390133,8220274,742918,4342333,2462933,16155,367605,4556,37161,246613,2491634,380539,1019823,815186,4220,108075,1545,18726,143520,255178,136838,91932,3045,40939,922,118340,82346,14860,21134,0.86,4410956,4020808,390148,8.84,149486234922,57716.96043456572,4418749570,17.152347279404637,5,1024255,269768,-51764,367319,-904,163988,949,36746,238153,1024173,203916,99819,389987,-169,133441,857,27054,169268,82,65852,-151583,-22668,-735,30547,92,9692,68885,1979,-7707,-12080,-922,6201,-906,9686,10058,-1212,840,-0.21000000000000008,322155,435224,-113069,-3.4700000000000006,526998319,203.4751971823789,-532447345,10.18,10.57,31.6,-0.96,12.62,-4.25,52.61,18.42,191.98,156.7,14.23,37.83,2.35,18.81,-1.04,56.99,23.17,267.68,218.85,0,20.93,-12.94,-2.71,-14.83,39.4,6.33,107.28,92.3,0.78,-5.33,-11.61,-23.24,17.85,-49.56,8.91,13.91,-7.54,4.14,7.88,12.14,-22.47,0.35,0
0400000US15,15,HI,Hawaii,211.79818556237865,75,1360301,120842,309343,19904,2823,513294,128222,1888,263985,1056483,75574,269530,15662,2323,434573,90694,1363,166764,303818,45268,39813,4242,500,78721,37528,525,97221,42880,11306,5673,280,5198,155,31574,7540,12551,11483,0.42,519508,455338,64170,12.35,16634529975,6422.628203296695,11678494458,226.59018157853419,76,1455271,138923,314365,21877,2321,531558,149054,5283,291890,1155905,93107,275624,18059,2000,458268,105218,4224,199405,299366,45816,38741,3818,321,73290,43836,1059,92485,40741,9661,3752,129,5498,282,31080,4960,15522,10598,0.26,561066,490267,70799,12.62,16634147166,6422.480399909189,11777652106,14.791996016155537,1,94970,18081,5022,1973,-502,18264,20832,3395,27905,99422,17533,6094,2397,-323,23695,14524,2861,32641,-4452,548,-1072,-424,-179,-5431,6308,534,-4736,-2139,-1645,-1921,-151,300,127,-494,-2580,2971,-885,-0.15999999999999998,41558,34929,6629,0.2699999999999996,-382809,-0.1478033875055189,99157648,6.98,6.98,14.96,1.62,9.91,-17.78,3.56,16.25,179.82,10.57,9.41,23.2,2.26,15.3,-13.9,5.45,16.01,209.9,19.57,-1.47,1.21,-2.69,-10,-35.8,-6.9,16.81,101.71,-4.87,-4.99,-14.55,-33.86,-53.93,5.77,81.94,-1.56,-34.22,23.67,-7.71,8,7.67,10.33,-0,0
0400000US16,16,ID,Idaho,18.96808905860378,28,1567582,175901,1316243,8875,17556,18529,2153,1539,26786,1138510,102786,986529,5658,12584,14214,1515,926,14298,429072,73115,329714,3217,4972,4315,638,613,12488,28951,17076,11275,830,4820,151,11875,7223,466,4186,0.72,667796,579408,88388,13.24,214044680857,82643.11682409339,2397887804,22.253044490422404,36,1839106,239407,1450523,14785,18903,26036,3401,8243,77808,1376400,151700,1121466,9946,13935,21008,2442,5927,49976,462706,87707,329057,4839,4968,5028,959,2316,27832,49729,21271,10931,570,8955,815,28458,22521,753,5184,0.59,751859,676206,75653,10.06,214049923496,82645.14101841398,2391577745,3.2849554318186236,8,271524,63506,134280,5910,1347,7507,1248,6704,51022,237890,48914,134937,4288,1351,6794,927,5001,35678,33634,14592,-657,1622,-4,713,321,1703,15344,20778,4195,-344,-260,4135,664,16583,15298,287,998,-0.13,84063,96798,-12735,-3.1799999999999997,5242639,2.02419432059105,-6310059,17.32,17.32,36.1,10.2,66.59,7.67,40.51,57.97,435.61,190.48,20.89,47.59,13.68,75.79,10.74,47.8,61.19,540.06,249.53,7.84,19.96,-0.2,50.42,-0.08,16.52,50.31,277.81,122.87,71.77,24.57,-3.05,-31.33,85.79,439.74,139.65,211.8,61.59,23.84,12.59,16.71,-14.41,0,0
0400000US17,17,IL,Illinois,231.10373358848835,55,12830632,2027578,8167753,1832924,18849,580586,2977,16008,183957,9701453,1304397,6510535,1317211,14446,451408,2402,9131,91923,3129179,723181,1657218,515713,4403,129178,575,6877,92034,301773,159989,70828,4282,81516,3363,141784,92960,12483,36341,0.55,5296715,4836972,459743,8.68,143793362385,55518.92996608478,6202038080,230.80120434500643,60,12812508,2337410,7472751,1775612,16561,747280,2959,45080,414855,9999469,1620312,6123548,1356415,13313,596814,2354,31674,255039,2813039,717098,1349203,419197,3248,150466,605,13406,159816,275365,145668,59075,2530,81485,2578,129697,83220,11424,35053,0.46,5426429,4998395,428034,7.89,143778461053,55513.176529389326,6216594318,-0.3025292434819278,5,-18124,309832,-695002,-57312,-2288,166694,-18,29072,230898,298016,315915,-386987,39204,-1133,145406,-48,22543,163116,-316140,-6083,-308015,-96516,-1155,21288,30,6529,67782,-26408,-14321,-11753,-1752,-31,-785,-12087,-9740,-1059,-1288,-0.09000000000000002,129714,161423,-31709,-0.79,-14901332,-5.753436695456912,14556238,-0.13,-0.14,15.28,-8.51,-3.13,-12.14,28.71,-0.6,181.61,125.52,3.07,24.22,-5.94,2.98,-7.84,32.21,-2,246.88,177.45,-10.1,-0.84,-18.59,-18.72,-26.23,16.48,5.22,94.94,73.65,-8.75,-8.95,-16.59,-40.92,-0.04,-23.34,-8.52,-10.48,-8.48,-3.54,2.45,3.34,-6.9,-0.01,0
0400000US18,18,IN,Indiana,180.97979637877975,32,6483802,389707,5286453,582140,14165,101444,1853,8675,99365,4875504,235369,4097332,407005,10948,76502,1404,3265,43679,1608298,154338,1189121,175135,3217,24942,449,5410,55686,186923,95336,48694,4115,41158,1369,91587,75434,228,15925,0.75,2795541,2502154,293387,10.49,92789193658,35826.10948699376,1537004191,189.40215359420645,41,6785528,554191,5121004,637500,12938,166651,2761,25139,265344,5192579,350929,4065650,462446,10490,124975,1961,15652,160476,1592949,203262,1055354,175054,2448,41676,800,9487,104868,178374,91389,41962,1967,46683,777,86985,72846,91,14048,0.62,2923175,2667542,255633,8.75,92788998225,35826.0340298874,1541613641,8.4223572154267,9,301726,164484,-165449,55360,-1227,65207,908,16464,165979,317075,115560,-31682,55441,-458,48473,557,12387,116797,-15349,48924,-133767,-81,-769,16734,351,4077,49182,-8549,-3947,-6732,-2148,5525,-592,-4602,-2588,-137,-1877,-0.13,127634,165388,-37754,-1.7400000000000002,-195433,-0.07545710635895375,4609450,4.65,4.65,42.21,-3.13,9.51,-8.66,64.28,49,189.79,167.04,6.5,49.1,-0.77,13.62,-4.18,63.36,39.67,379.39,267.4,-0.95,31.7,-11.25,-0.05,-23.9,67.09,78.17,75.36,88.32,-4.57,-4.14,-13.83,-52.2,13.42,-43.24,-5.02,-3.43,-60.09,-11.79,4.57,6.61,-12.87,-0,0
0400000US19,19,IA,Iowa,54.53833719492659,21,3046355,151544,2701123,86906,8581,52597,1797,2132,41675,2318362,88337,2107975,57064,6038,39569,1181,1057,17141,727993,63207,593148,29842,2543,13028,616,1075,24534,98112,43282,13309,2197,26871,905,54830,44574,3,10253,0.44,1336417,1221576,114841,8.59,144669296857,55857.13017087338,1076595005,57.120387105590275,31,3190369,215986,2638201,129321,9079,75017,5605,8487,108673,2450103,134104,2093769,86796,6662,56772,3447,5779,62774,740266,81882,544432,42525,2417,18245,2158,2708,45899,98558,43158,13064,1325,28369,400,55400,46412,31,8957,0.41,1412789,1288560,124229,8.79,144659688848,55853.42049770115,1085996889,2.5820499106636845,10,144014,64442,-62922,42415,498,22420,3808,6355,66998,131741,45767,-14206,29732,624,17203,2266,4722,45633,12273,18675,-48716,12683,-126,5217,1542,1633,21365,446,-124,-245,-872,1498,-505,570,1838,28,-1296,-0.030000000000000027,76372,66984,9388,0.1999999999999993,-9608009,-3.7096731722340337,9401884,4.73,4.73,42.52,-2.33,48.81,5.8,42.63,211.91,298.08,160.76,5.68,51.81,-0.67,52.1,10.33,43.48,191.87,446.74,266.22,1.69,29.55,-8.21,42.5,-4.95,40.04,250.32,151.91,87.08,0.45,-0.29,-1.84,-39.69,5.57,-55.8,1.04,4.12,933.33,-12.64,5.71,5.48,8.17,-0.01,0
0400000US20,20,KS,Kansas,34.896804950682146,37,2853118,300042,2230539,162700,23073,66967,1978,2928,64891,2126179,177942,1732179,116150,16996,49907,1389,1607,30009,726939,122100,498360,46550,6077,17060,589,1321,34882,79074,41393,18009,1656,20672,1056,37681,27754,3943,5984,0.63,1233215,1112096,121119,9.82,211754095913,81758.71699521388,1345868930,35.933592410179486,45,2937880,382603,2122575,163352,21921,85225,3115,10064,149025,2229316,241586,1683982,122508,16995,65780,2173,6978,89314,708564,141017,438593,40844,4926,19445,942,3086,59711,86940,40973,18204,707,20370,1692,45967,30358,5754,9855,0.62,1275689,1151360,124329,9.75,211753777874,81758.59419966425,1345707497,1.03678745949734,8,84762,82561,-107964,652,-1152,18258,1137,7136,84134,103137,63644,-48197,6358,-1,15873,784,5371,59305,-18375,18917,-59767,-5706,-1151,2385,353,1765,24829,7866,-420,195,-949,-302,636,8286,2604,1811,3871,-0.010000000000000009,42474,39264,3210,-0.07000000000000028,-318039,-0.12279554962879047,-161433,2.97,2.97,27.52,-4.84,0.4,-4.99,27.26,57.48,243.72,129.65,4.85,35.77,-2.78,5.47,-0.01,31.81,56.44,334.23,197.62,-2.53,15.49,-11.99,-12.26,-18.94,13.98,59.93,133.61,71.18,9.95,-1.01,1.08,-57.31,-1.46,60.23,21.99,9.38,45.93,64.69,3.44,3.53,2.65,-0,0
0400000US21,21,KY,Kentucky,109.89540224213918,25,4339367,132836,3745655,333075,8642,48338,2074,4634,64113,3315996,82887,2917519,241115,6972,35428,1431,1761,28883,1023371,49949,828136,91960,1670,12910,643,2873,35230,125870,70779,41122,2144,26044,1469,55091,36340,5856,12895,0.95,1927164,1719965,207199,10.75,102269141641,39486.33802202944,2386569692,114.09603195478071,33,4505836,207854,3664764,357764,8080,73843,3462,14706,175363,3483900,133075,2905545,265961,6657,54971,2391,8970,106330,1021936,74779,759219,91803,1423,18872,1071,5736,69033,124909,66512,38346,1090,25822,1254,58397,40025,5020,13352,0.85,1994323,1797937,196386,9.85,102282796080,39491.61003062563,2368025703,4.200629712641529,8,166469,75018,-80891,24689,-562,25505,1388,10072,111250,167904,50188,-11974,24846,-315,19543,960,7209,77447,-1435,24830,-68917,-157,-247,5962,428,2863,33803,-961,-4267,-2776,-1054,-222,-215,3306,3685,-836,457,-0.09999999999999998,67159,77972,-10813,-0.9000000000000004,13654439,5.272008596184605,-18543989,3.82,3.84,56.47,-2.16,7.41,-6.5,52.76,66.92,217.35,173.52,5.06,60.55,-0.41,10.3,-4.52,55.16,67.09,409.37,268.14,-0.14,49.71,-8.32,-0.17,-14.79,46.18,66.56,99.65,95.95,-0.76,-6.03,-6.75,-49.16,-0.85,-14.64,6,10.14,-14.28,3.54,3.48,4.53,-5.22,0.01,0
0400000US22,22,LA,Louisiana,104.9296826892255,53,4533372,192560,2734884,1442420,28092,69327,1544,6779,57766,3415357,138091,2147661,1019582,19952,53638,1152,4526,30755,1118015,54469,587223,422838,8140,15689,392,2253,27011,127427,88104,60804,1453,24524,1323,39323,24891,2861,11571,1.34,1964981,1728360,236621,12.04,111897594452,43203.90459415256,23761143266,107.79292479874839,59,4657757,322549,2596702,1452420,25994,85336,1706,16954,156096,3570548,223662,2082110,1066511,19531,67983,1322,11524,97905,1087209,98887,514592,385909,6463,17353,384,5430,58191,124123,77634,51241,1050,24180,1163,46489,32772,2707,11010,1.1,2073200,1831610,241590,11.65,111913975425,43210.229323456326,23737664982,2.8632421095228864,6,124385,129989,-138182,10000,-2098,16009,162,10175,98330,155191,85571,-65551,46929,-421,14345,170,6998,67150,-30806,44418,-72631,-36929,-1677,1664,-8,3177,31180,-3304,-10470,-9563,-403,-344,-160,7166,7881,-154,-561,-0.24,108219,103250,4969,-0.3899999999999988,16380973,6.324729303763888,-23478284,2.73,2.74,67.51,-5.05,0.69,-7.47,23.09,10.49,150.1,170.22,4.54,61.97,-3.05,4.6,-2.11,26.74,14.76,154.62,218.34,-2.76,81.55,-12.37,-8.73,-20.6,10.61,-2.04,141.01,115.43,-2.59,-11.88,-15.73,-27.74,-1.4,-12.09,18.22,31.66,-5.38,-4.85,5.51,5.97,2.1,0.01,0
0400000US23,23,ME,Maine,43.06858322919781,11,1328361,16935,1254297,15154,8210,13442,313,1014,18996,1053828,10525,1007023,9034,6079,9784,234,603,10546,274533,6410,247274,6120,2131,3658,79,411,8450,35545,12409,3679,578,7878,274,23136,17251,131,5754,0.28,721830,557219,164611,22.8,79882800680,30842.923086902334,11750312805,44.167766309795596,18,1362359,26609,1228264,25115,7293,16668,407,4430,53573,1110085,17656,1017504,16551,5603,13336,332,3365,35738,252274,8953,210760,8564,1690,3332,75,1065,17835,36454,15210,3360,355,10911,584,21244,15595,330,5319,0.25,739072,582437,156635,21.19,79888428972,30845.096182685018,11744937116,1.0991830805977827,7,33998,9674,-26033,9961,-917,3226,94,3416,34577,56257,7131,10481,7517,-476,3552,98,2762,25192,-22259,2543,-36514,2444,-441,-326,-4,654,9385,909,2801,-319,-223,3033,310,-1892,-1656,199,-435,-0.030000000000000027,17242,25218,-7976,-1.6099999999999994,5628292,2.1730957826839585,-5375689,2.55,2.56,57.12,-2.08,65.73,-11.17,24,30.03,336.88,182.02,5.34,67.75,1.04,83.21,-7.83,36.3,41.88,458.04,238.88,-8.11,39.67,-14.77,39.93,-20.69,-8.91,-5.06,159.12,111.07,2.56,22.57,-8.67,-38.58,38.5,113.14,-8.18,-9.6,151.91,-7.56,2.39,4.53,-4.85,0.01,0
0400000US24,24,MD,Maryland,594.7675394407305,61,5773552,470632,3157958,1674229,13815,316694,2412,11972,125840,4420588,322308,2529506,1239796,10722,245537,1937,6928,63854,1352964,148324,628452,434433,3093,71157,475,5044,61986,138375,66838,35832,2018,28001,987,71537,48141,7534,15862,0.62,2378814,2156411,222403,9.35,25141638381,9707.241261735575,6989579585,636.0926501442982,67,6177224,729745,2913782,1795027,12055,417962,2575,35314,270764,4815202,492262,2401360,1388741,9788,332666,2035,23196,165154,1362022,237483,512422,406286,2267,85296,540,12118,105610,125505,58693,27040,1008,29252,1393,66812,46179,2464,18169,0.44,2530844,2321208,209636,8.28,25151895765,9711.201660007691,6979171386,41.3251107035677,6,403672,259113,-244176,120798,-1760,101268,163,23342,144924,394614,169954,-128146,148945,-934,87129,98,16268,101300,9058,89159,-116030,-28147,-826,14139,65,7074,43624,-12870,-8145,-8792,-1010,1251,406,-4725,-1962,-5070,2307,-0.18,152030,164797,-12767,-1.0700000000000003,10257384,3.9603982721164357,-10408199,6.95,6.99,55.06,-7.73,7.22,-12.74,31.98,6.76,194.97,115.17,8.93,52.73,-5.07,12.01,-8.71,35.49,5.06,234.82,158.64,0.67,60.11,-18.46,-6.48,-26.71,19.87,13.68,140.25,70.38,-9.3,-12.19,-24.54,-50.05,4.47,41.13,-6.6,-4.08,-67.29,14.54,6.39,7.64,-5.74,0.04,0
0400000US25,25,MA,Massachusetts,839.4333241762547,40,6547629,627654,4984800,391693,10778,347495,1467,61547,122195,5128706,416775,4029458,288523,8219,269089,1189,45871,69582,1418923,210879,955342,103170,2559,78406,278,15676,52613,238882,74667,24683,2927,43833,3224,164215,135773,498,27944,0.38,2808254,2547075,261179,9.3,20202057805,7800.058457799804,7133683836,901.1603149014718,52,7029917,887685,4748897,457055,9387,504900,1607,92108,328278,5663723,621508,3988985,351465,7430,407742,1391,68601,216601,1366194,266177,759912,105590,1957,97158,216,23507,111677,245518,65338,17969,3261,42089,2019,180180,144820,357,35003,0.26,2998537,2749225,249312,8.31,20204396898,7800.961586694611,7130653806,61.72699072521709,12,482288,260031,-235903,65362,-1391,157405,140,30561,206083,535017,204733,-40473,62942,-789,138653,202,22730,147019,-52729,55298,-195430,2420,-602,18752,-62,7831,59064,6636,-9329,-6714,334,-1744,-1205,15965,9047,-141,7059,-0.12,190283,202150,-11867,-0.9900000000000002,2339093,0.9031288948062866,-3030030,7.35,7.37,41.43,-4.73,16.69,-12.91,45.3,9.54,49.65,168.65,10.43,49.12,-1,21.82,-9.6,51.53,16.99,49.55,211.29,-3.72,26.22,-20.46,2.35,-23.52,23.92,-22.3,49.96,112.26,2.78,-12.49,-27.2,11.41,-3.98,-37.38,9.72,6.66,-28.31,25.26,6.78,7.94,-4.54,0.01,0
0400000US26,26,MI,Michigan,174.81132138499953,39,9883640,436358,7569939,1383756,54665,236490,2170,9866,190396,7539572,264511,5960698,998309,40071,175251,1693,5322,93717,2344068,171847,1609241,385447,14594,61239,477,4544,96679,229068,109867,62083,3561,42473,1750,119201,78033,214,40954,0.63,4532233,3872508,659725,14.56,146435075220,56538.90103737932,104051765840,178.01887125397718,45,10077331,564422,7295651,1358458,47406,332288,2603,37183,439320,7914602,367645,5928796,1021516,36450,258756,1985,25724,273730,2162729,196777,1366855,336942,10956,73532,618,11459,165590,221716,102773,54748,2179,44179,1667,118943,83931,90,34922,0.54,4570173,4041760,528413,11.56,146614604273,56608.21759521666,103872203398,3.207549868977651,6,193691,128064,-274288,-25298,-7259,95798,433,27317,248924,375030,103134,-31902,23207,-3621,83505,292,20402,180013,-181339,24930,-242386,-48505,-3638,12293,141,6915,68911,-7352,-7094,-7335,-1382,1706,-83,-258,5898,-124,-6032,-0.08999999999999997,37940,169252,-131312,-3,179529053,69.31655783733731,-179562442,1.83,1.96,29.35,-3.62,-1.83,-13.28,40.51,19.95,276.88,130.74,4.97,38.99,-0.54,2.32,-9.04,47.65,17.25,383.35,192.08,-7.74,14.51,-15.06,-12.58,-24.93,20.07,29.56,152.18,71.28,-3.21,-6.46,-11.81,-38.81,4.02,-4.74,-0.22,7.56,-57.94,-14.73,0.84,4.37,-19.9,0.12,0
0400000US27,27,MN,Minnesota,66.60984477288979,30,5303925,250258,4405142,269141,55421,212996,1860,5947,103160,4019862,148836,3462644,174688,38010,146014,1351,3262,45057,1284063,101422,942498,94453,17411,66982,509,2685,58103,135395,56308,20397,2541,32989,381,79087,50444,0,28643,0.38,2347201,2087227,259974,11.08,206232309199,79626.74313510333,18930454637,71.66559840239952,40,5706494,345640,4353880,392850,57046,297460,2621,20963,236034,4389033,218767,3509053,257353,39560,214681,1861,14680,133078,1317461,126873,844827,135497,17486,82779,760,6283,102956,138293,56918,16672,1351,37952,943,81375,45260,0,36115,0.29,2485558,2253990,231568,9.32,206232157570,79626.68459081664,18949864226,5.055753629509738,10,402569,95382,-51262,123709,1625,84464,761,15016,132874,369171,69931,46409,82665,1550,68667,510,11418,88021,33398,25451,-97671,41044,75,15797,251,3598,44853,2898,610,-3725,-1190,4963,562,2288,-5184,0,7472,-0.09000000000000002,138357,166763,-28406,-1.7599999999999998,-151629,-0.058544286686810665,19409589,7.59,7.59,38.11,-1.16,45.96,2.93,39.66,40.91,252.5,128.8,9.18,46.99,1.34,47.32,4.08,47.03,37.75,350.03,195.35,2.6,25.09,-10.36,43.45,0.43,23.58,49.31,134,77.2,2.14,1.08,-18.26,-46.83,15.04,147.51,2.89,-10.28,NA,26.09,5.89,7.99,-10.93,-0,0
0400000US28,28,MS,Mississippi,63.23721179252396,53,2967297,81481,1722287,1093512,13845,25477,948,1828,27919,2211742,54977,1348246,764250,9440,19439,732,933,13725,755555,26504,374041,329262,4405,6038,216,895,14194,91964,55135,34273,2247,16496,2119,36829,26472,3938,6419,1.16,1274719,1115768,158951,12.47,121530715928,46923.27374798647,3907007795,63.10803977746318,56,2961279,105220,1639077,1079001,14019,32305,1037,7174,83446,2277599,68637,1315451,799388,9701,25718,767,4638,53299,683680,36583,323626,279613,4318,6587,270,2536,30147,93671,52921,30745,758,20323,1095,40750,32502,2762,5486,1.04,1319945,1158193,161752,12.25,121532487805,46923.957873549996,3915791676,-0.12917201506077447,3,-6018,23739,-83210,-14511,174,6828,89,5346,55527,65857,13660,-32795,35138,261,6279,35,3705,39574,-71875,10079,-50415,-49649,-87,549,54,1641,15953,1707,-2214,-3528,-1489,3827,-1024,3921,6030,-1176,-933,-0.11999999999999988,45226,42425,2801,-0.22000000000000064,1771877,0.6841255635226844,8783881,-0.2,-0.2,29.13,-4.83,-1.33,1.26,26.8,9.39,292.45,198.89,2.98,24.85,-2.43,4.6,2.76,32.3,4.78,397.11,288.34,-9.51,38.03,-13.48,-15.08,-1.98,9.09,25,183.35,112.39,1.86,-4.02,-10.29,-66.27,23.2,-48.32,10.65,22.78,-29.86,-14.53,3.55,3.8,1.76,0,0
0400000US29,29,MO,Missouri,87.12240945527095,33,5988927,212470,4850748,687149,24062,97221,5763,5372,106142,4563491,131812,3789292,489611,18397,74340,3918,2732,53389,1425436,80658,1061456,197538,5665,22881,1845,2640,52753,174142,93274,41956,4497,44866,1955,80868,52869,10217,17782,0.7,2712729,2375611,337118,12.43,178039716301,68741.52169855613,2500563712,89.53058850723116,41,6154913,303068,4663907,692774,23496,132158,9293,22377,307840,4775612,197173,3723642,514169,18642,104558,6340,14896,196192,1379301,105895,940265,178605,4854,27600,2953,7481,111648,169014,86158,37079,2745,44059,2275,82856,55037,10097,17722,0.6,2786621,2479146,307475,11.03,178052563675,68746.48209760046,2487215790,2.4081790519602038,8,165986,90598,-186841,5625,-566,34937,3530,17005,201698,212121,65361,-65650,24558,245,30218,2422,12164,142803,-46135,25237,-121191,-18933,-811,4719,1108,4841,58895,-5128,-7116,-4877,-1752,-807,320,1988,2168,-120,-60,-0.09999999999999998,73892,103535,-29643,-1.4000000000000004,12847374,4.960399044328369,-13347922,2.76,2.77,42.64,-3.85,0.82,-2.35,35.94,61.25,316.55,190.03,4.65,49.59,-1.73,5.02,1.33,40.65,61.82,445.24,267.48,-3.24,31.29,-11.42,-9.58,-14.32,20.62,60.05,183.37,111.64,-2.94,-7.63,-11.62,-38.96,-1.8,16.37,2.46,4.1,-1.17,-0.34,2.72,4.36,-8.79,0.01,0
0400000US30,30,MT,Montana,6.797963194743435,22,989415,28565,868628,3743,59902,6138,609,540,21290,765852,17420,689188,2617,38949,4838,464,367,12009,223563,11145,179440,1126,20953,1300,145,173,9281,28849,11929,5338,1020,5200,371,16920,8332,678,7910,0.54,482825,409607,73218,15.16,376961878670,145545.80124309455,3869200368,7.4491401754546915,30,1084225,45199,901318,5077,64592,8077,839,4374,54749,850123,29908,727553,3781,42717,6666,642,3326,35530,234102,15291,173765,1296,21875,1411,197,1048,19219,29304,13051,5774,807,6302,168,16253,8079,619,7555,0.53,514803,447812,66991,13.01,376973673895,145550.35540512158,3866689601,0.6511769807112566,8,94810,16634,32690,1334,4690,1939,230,3834,33459,84271,12488,38365,1164,3768,1828,178,2959,23521,10539,4146,-5675,170,922,111,52,875,9938,455,1122,436,-213,1102,-203,-667,-253,-59,-355,-0.010000000000000009,31978,38205,-6227,-2.1500000000000004,11795225,4.554162027023267,-2510767,9.58,9.58,58.23,3.76,35.64,7.83,31.59,37.77,710,157.16,11,71.69,5.57,44.48,9.67,37.78,38.36,806.27,195.86,4.71,37.2,-3.16,15.1,4.4,8.54,35.86,505.78,107.08,1.58,9.41,8.17,-20.88,21.19,-54.72,-3.94,-3.04,-8.7,-4.49,6.62,9.33,-8.5,0,0
0400000US31,31,NE,Nebraska,23.772999721247793,31,1826341,167405,1499753,80959,14797,31919,966,2116,28426,1367120,98221,1166956,54981,9637,23417,686,1046,12176,459221,69184,332797,25978,5160,8502,280,1070,16250,51165,23633,8084,1673,13519,357,27532,22073,443,5016,0.44,796793,721130,75663,9.5,198973681461,76824.17117801317,1356219849,25.53447370052074,41,1961504,234715,1484687,94405,15051,52359,1318,6335,72634,1476127,145297,1169255,66088,10112,38794,942,4314,41325,485377,89418,315432,28317,4939,13565,376,2021,31309,49502,22557,8998,790,12679,90,26945,20831,219,5895,0.46,844278,773312,70966,8.41,198957373531,76817.87465077058,1371117957,1.761473979272946,10,135163,67310,-15066,13446,254,20440,352,4219,44208,109007,47076,2299,11107,475,15377,256,3268,29149,26156,20234,-17365,2339,-221,5063,96,951,15059,-1663,-1076,914,-883,-840,-267,-587,-1242,-224,879,0.020000000000000018,47485,52182,-4697,-1.0899999999999999,-16307930,-6.296527242593584,14898108,7.41,7.4,40.21,-1,16.61,1.72,64.04,36.44,199.39,155.52,7.97,47.93,0.2,20.2,4.93,65.67,37.32,312.43,239.4,5.7,29.25,-5.22,9,-4.28,59.55,34.29,88.88,92.67,-3.25,-4.55,11.31,-52.78,-6.21,-74.79,-2.13,-5.63,-50.56,17.52,5.96,7.24,-6.21,-0.01,0
0400000US32,32,NV,Nevada,24.599398660164315,62,2700551,716501,1462081,208058,23536,191047,15456,4740,79132,2035543,454534,1199298,152510,17857,154572,11283,3059,42430,665008,261967,262783,55548,5679,36475,4173,1681,36702,36154,25835,19891,819,5005,120,10319,3336,1022,5961,0.74,1173814,1006250,167564,14.28,284331937541,109781.17950392049,2047761678,28.259613116040413,69,3104614,890257,1425952,291960,23392,265991,22970,17171,166921,2413326,609396,1205651,219333,18317,224400,17118,12441,106670,691288,280861,220301,72627,5075,41591,5852,4730,60251,36954,26066,19575,723,5357,411,10888,4215,724,5949,0.63,1281018,1177649,103369,8.07,284537264244,109860.45659053247,1839662252,3.6602144558760976,7,404063,173756,-36129,83902,-144,74944,7514,12431,87789,377783,154862,6353,66823,460,69828,5835,9382,64240,26280,18894,-42482,17079,-604,5116,1679,3049,23549,800,231,-316,-96,352,291,569,879,-298,-12,-0.10999999999999999,107204,171399,-64195,-6.209999999999999,205326703,79.27708661198267,-208099426,14.88,14.96,24.25,-2.47,40.33,-0.61,39.23,48.62,262.26,110.94,18.56,34.07,0.53,43.82,2.58,45.18,51.71,306.7,151.4,3.95,7.21,-16.17,30.75,-10.64,14.03,40.23,181.38,64.16,2.21,0.89,-1.59,-11.72,7.03,242.5,5.51,26.35,-29.16,-0.2,9.13,17.03,-38.31,0.07,0
0400000US33,33,NH,New Hampshire,147.04806038642545,15,1316470,36704,1215050,13625,2693,28241,329,1803,18025,1029236,22934,962931,9436,2124,20822,264,1237,9488,287234,13770,252119,4189,569,7419,65,566,8537,40104,13113,4851,472,7767,23,26991,22820,454,3717,0.37,614754,518973,95781,15.58,23187259277,8952.65123892466,1026959156,153.849333514992,24,1377529,59454,1200649,18655,2299,35604,388,5916,54564,1120680,39800,995751,13858,1930,27989,303,4443,36606,256849,19654,204898,4797,369,7615,85,1473,17958,42735,14282,4395,415,9363,109,28453,22883,0,5570,0.32,638795,556357,82438,12.91,23190113978,8953.753445189708,1025973001,6.8012731285665495,9,61059,22750,-14401,5030,-394,7363,59,4113,36539,91444,16866,32820,4422,-194,7167,39,3206,27118,-30385,5884,-47221,608,-200,196,20,907,9421,2631,1169,-456,-57,1596,86,1462,63,-454,1853,-0.04999999999999999,24041,37384,-13343,-2.67,2854701,1.102206265048153,-986155,4.63,4.64,61.98,-1.19,36.92,-14.63,26.07,17.93,228.12,202.71,8.88,73.54,3.41,46.86,-9.13,34.42,14.77,259.18,285.81,-10.58,42.73,-18.73,14.51,-35.15,2.64,30.77,160.25,110.35,6.56,8.91,-9.4,-12.08,20.55,373.91,5.42,0.28,-100,49.85,3.91,7.2,-13.93,0.01,0
0400000US34,34,NJ,New Jersey,1195.489655547651,59,8791894,1555144,5214878,1125401,12227,719827,1963,27610,134844,6726680,1094143,4149566,832756,8784,546294,1563,18818,74756,2065214,461001,1065312,292645,3443,173533,400,8792,60088,186876,100621,44468,7555,45512,3086,86255,55483,1452,29320,0.51,3553562,3214360,339202,9.55,19047341691,7354.220054687512,3544030209,1262.990935557194,66,9288994,2002575,4816381,1154142,11206,942921,1944,70354,289471,7281310,1435999,3966396,896947,8209,740609,1586,48057,183507,2007684,566576,849985,257195,2997,202312,358,22297,105964,180375,84517,36851,1337,43373,2956,95858,65650,1077,29131,0.4,3761229,3426102,335127,8.91,19048737655,7354.759039424121,3533261945,67.50128000954305,7,497100,447431,-398497,28741,-1021,223094,-19,42744,154627,554630,341856,-183170,64191,-575,194315,23,29239,108751,-57530,105575,-215327,-35450,-446,28779,-42,13505,45876,-6501,-16104,-7617,-6218,-2139,-130,9603,10167,-375,-189,-0.10999999999999999,207667,211742,-4075,-0.6400000000000006,1395964,0.5389847366086542,-10768264,5.65,5.65,28.77,-7.64,2.55,-8.35,30.99,-0.97,154.81,114.67,8.25,31.24,-4.41,7.71,-6.55,35.57,1.47,155.38,145.47,-2.79,22.9,-20.21,-12.11,-12.95,16.58,-10.5,153.61,76.35,-3.48,-16,-17.13,-82.3,-4.7,-4.21,11.13,18.32,-25.83,-0.64,5.84,6.59,-1.2,0.01,0
0400000US35,35,NM,New Mexico,16.97617837279187,61,2059179,953403,833810,35462,175368,26305,1246,3750,29835,1540507,651326,697848,27453,121962,20956,987,2633,17342,518672,302077,135962,8009,53406,5349,259,1117,12493,42629,25266,17907,1078,5567,714,17363,8478,1789,7096,0.87,901388,791395,109993,12.2,314160748240,121298.1481921924,756659673,17.455065845672603,63,2117522,1010811,772952,38330,188610,35261,1451,10340,59767,1638989,726764,664062,30778,137360,28989,1199,7925,41912,478533,284047,108890,7552,51250,6272,252,2415,17855,42850,22109,14807,752,6176,374,20741,9436,2831,8474,0.7,940859,829514,111345,11.83,314198560935,121312.74775597415,726482115,0.4788874728807322,2,58343,57408,-60858,2868,13242,8956,205,6590,29932,98482,75438,-33786,3325,15398,8033,212,5292,24570,-40139,-18030,-27072,-457,-2156,923,-7,1298,5362,221,-3157,-3100,-326,609,-340,3378,958,1042,1378,-0.17000000000000004,39471,38119,1352,-0.3699999999999992,37812695,14.599563781754114,-30177558,2.82,2.83,6.02,-7.3,8.09,7.55,34.05,16.45,175.73,100.33,6.39,11.58,-4.84,12.11,12.63,38.33,21.48,200.99,141.68,-7.74,-5.97,-19.91,-5.71,-4.04,17.26,-2.7,116.2,42.92,0.52,-12.5,-17.31,-30.24,10.94,-47.62,19.46,11.3,58.24,19.42,4.38,4.82,1.23,0.01,0
0400000US36,36,NY,New York,411.1942045523876,60,19378102,3416922,11304247,2783857,53908,1406194,5320,81620,326034,15053173,2444400,9098296,2095446,39142,1120061,4202,56680,194946,4324929,972522,2205951,688411,14766,286133,1118,24940,131088,585678,231163,95306,9149,116558,10150,354515,218960,8100,127455,0.49,8108103,7317755,790348,9.75,122056806947,47126.398634665486,19239924100,428.686586607738,66,20201249,3948032,10598907,2759022,54908,1916329,6097,197107,720847,16088135,2925886,8761517,2176551,42624,1551634,4766,137513,487644,4113114,1022146,1837390,582471,12284,364695,1331,59594,233203,608783,186286,62707,5113,111115,7351,422497,226149,5649,190699,0.31,8488066,7715172,772894,9.11,122049520861,47123.58546101372,19256750161,17.49238205535039,6,823147,531110,-705340,-24835,1000,510135,777,115487,394813,1034962,481486,-336779,81105,3482,431573,564,80833,292698,-211815,49624,-368561,-105940,-2482,78562,213,34654,102115,23105,-44877,-32599,-4036,-5443,-2799,67982,7189,-2451,63244,-0.18,379963,397417,-17454,-0.6400000000000006,-7286086,-2.813173651768011,16826061,4.25,4.25,15.54,-6.24,-0.89,1.86,36.28,14.61,141.49,121.1,6.88,19.7,-3.7,3.87,8.9,38.53,13.42,142.61,150.14,-4.9,5.1,-16.71,-15.39,-16.81,27.46,19.05,138.95,77.9,3.95,-19.41,-34.2,-44.11,-4.67,-27.58,19.18,3.28,-30.26,49.62,4.69,5.43,-2.21,-0.01,0
0400000US37,37,NC,North Carolina,196.13109510009323,52,9535483,800120,6223995,2019854,108829,206579,5259,15088,155759,7253848,492330,4964325,1480769,79295,152537,3791,7167,73634,2281635,307790,1259670,539085,29534,54042,1468,7921,82125,257246,113296,61680,3019,46638,1959,143950,89795,26326,27829,0.65,4327528,3745155,582373,13.46,125919791207,48617.90525940661,13471186331,214.70054804437743,58,10439388,1118596,6312148,2107526,100886,340059,6980,46340,406853,8155099,724311,5189633,1620569,77335,257602,5144,30113,250392,2284289,394285,1122515,486957,23551,82457,1836,16227,156461,285522,112229,59099,2119,48719,2292,173293,109150,36715,27428,0.57,4708710,4160856,547854,11.63,125933025759,48623.015148718834,13456395178,18.569452944284194,6,903905,318476,88153,87672,-7943,133480,1721,31252,251094,901251,231981,225308,139800,-1960,105065,1353,22946,176758,2654,86495,-137155,-52128,-5983,28415,368,8306,74336,28276,-1067,-2581,-900,2081,333,29343,19355,10389,-401,-0.08000000000000007,381182,415701,-34519,-1.83,13234552,5.1098893122252775,-14791153,9.47,9.48,39.8,1.42,4.34,-7.3,64.61,32.72,207.13,161.21,12.42,47.12,4.54,9.44,-2.47,68.88,35.69,320.16,240.05,0.12,28.1,-10.89,-9.67,-20.26,52.58,25.07,104.86,90.52,10.99,-0.94,-4.18,-29.81,4.46,17,20.38,21.55,39.46,-1.44,8.81,11.1,-5.93,0.01,0
0400000US38,38,ND,North Dakota,9.74758290090029,21,672591,13467,598007,7720,35562,6839,290,341,10365,522720,8064,475686,5157,22786,5563,219,197,5048,149871,5403,122321,2563,12776,1276,71,144,5317,25056,9675,2489,383,6433,370,15381,10570,1380,3431,0.37,317498,281192,36306,11.44,178711239147,69000.79812995273,4396568298,11.291894431119161,33,779094,33412,636160,26152,37350,13050,869,1853,30248,596093,21603,503153,17608,24119,10252,643,1284,17431,183001,11809,133007,8544,13231,2798,226,569,12817,26250,10628,2571,172,7785,100,15622,11282,739,3601,0.33,370642,322553,48089,12.97,178698456949,68995.86289550376,4410633765,1.5443115302188701,12,106503,19945,38153,18432,1788,6211,579,1512,19883,73373,13539,27467,12451,1333,4689,424,1087,12383,33130,6406,10686,5981,455,1522,155,425,7500,1194,953,82,-211,1352,-270,241,712,-641,170,-0.03999999999999998,53144,41361,11783,1.5300000000000011,-12782198,-4.93523444897437,14065467,15.84,15.83,148.1,6.38,238.76,5.03,90.82,199.66,443.4,191.83,14.04,167.89,5.77,241.44,5.85,84.29,193.61,551.78,245.31,22.11,118.56,8.74,233.36,3.56,119.28,218.31,295.14,141.06,4.77,9.85,3.29,-55.09,21.02,-72.97,1.57,6.74,-46.45,4.95,16.74,14.71,32.45,-0.01,0
0400000US39,39,OH,Ohio,282.3374475217952,33,11536504,354674,9359263,1389115,20906,190765,3400,15158,203223,8805753,218924,7330425,993016,16698,145508,2389,6687,92106,2730751,135750,2028838,396099,4208,45257,1011,8471,111117,306266,166042,76590,4862,83019,1571,140224,106042,571,33611,0.66,5127508,4603435,524073,10.22,105828706692,40860.69383024168,10269012119,288.7862425580492,40,11799448,521308,8954135,1457180,18949,296604,4493,45217,501562,9207562,336028,7218892,1073902,15496,228920,3233,28843,302248,2591886,185280,1735243,383278,3453,67684,1260,16374,199314,299628,155645,67080,2398,85112,1055,143983,111646,330,32007,0.57,5242524,4808773,433751,8.27,105823700104,40858.760775725605,10274656132,6.448795036254012,7,262944,166634,-405128,68065,-1957,105839,1093,30059,298339,401809,117104,-111533,80886,-1202,83412,844,22156,210142,-138865,49530,-293595,-12821,-755,22427,249,7903,88197,-6638,-10397,-9510,-2464,2093,-516,3759,5604,-241,-1604,-0.09000000000000008,115016,205338,-90322,-1.950000000000001,-5006588,-1.9330545160773909,5644013,2.28,2.28,46.98,-4.33,4.9,-9.36,55.48,32.15,198.3,146.8,4.56,53.49,-1.52,8.15,-7.2,57.32,35.33,331.33,228.15,-5.09,36.49,-14.47,-3.24,-17.94,49.55,24.63,93.29,79.37,-2.17,-6.26,-12.42,-50.68,2.52,-32.85,2.68,5.28,-42.21,-4.77,2.24,4.46,-17.23,-0,0
0400000US40,40,OK,Oklahoma,54.688466142763836,51,3751351,332007,2575381,272071,308733,64154,3977,2954,192074,2821685,199457,2055504,195546,207883,48930,2701,1792,109872,929666,132550,519877,76525,100850,15224,1276,1162,82202,112017,64411,40562,1551,21678,620,47606,30148,7203,10255,1.08,1664378,1460450,203928,12.25,177660021556,68594.92073167907,3377212498,57.71943536243552,60,3959353,471931,2407188,283242,311890,89653,8168,13602,373679,3010698,295621,1963854,212976,219638,69282,5082,10012,234233,948655,176310,443334,70266,92252,20371,3086,3590,139446,117304,64747,38455,1260,23752,1280,52557,35150,6665,10742,0.97,1746807,1535830,210977,12.08,177664190465,68596.5303565113,3373689316,3.0309692196716824,9,208002,139924,-168193,11171,3157,25499,4191,10648,181605,189013,96164,-91650,17430,11755,20352,2381,8220,124361,18989,43760,-76543,-6259,-8598,5147,1810,2428,57244,5287,336,-2107,-291,2074,660,4951,5002,-538,487,-0.1100000000000001,82429,75380,7049,-0.16999999999999993,4168909,1.6096248322282918,-3523182,5.54,5.54,42.14,-6.53,4.11,1.02,39.75,105.38,360.46,94.55,6.7,48.21,-4.46,8.91,5.65,41.59,88.15,458.71,113.19,2.04,33.01,-14.72,-8.18,-8.53,33.81,141.85,208.95,69.64,4.72,0.52,-5.19,-18.76,9.57,106.45,10.4,16.59,-7.47,4.75,4.95,5.16,3.46,0,0
0400000US41,41,OR,Oregon,39.91200435831229,37,3831074,450062,3005848,64984,42706,139436,12697,5502,109839,2964621,269748,2432835,46946,31862,108223,8813,3785,62409,866453,180314,573013,18038,10844,31213,3884,1717,47430,86642,36612,22203,2171,11491,747,50030,23704,178,26148,0.58,1675562,1518938,156624,9.35,248607802255,95988.0131703313,6191433228,44.139933358992096,46,4237256,588757,3036158,78658,42042,191797,18197,22962,258685,3370652,389394,2526275,60012,32769,156707,13091,17541,174863,866604,199363,509883,18646,9273,35090,5106,5421,83822,96930,37498,20434,1486,14441,1137,59432,25364,145,33923,0.48,1813747,1671983,141764,7.82,248628426864,95995.97637672453,6170953359,4.227929000679808,9,406182,138695,30310,13674,-664,52361,5500,17460,148846,406031,119646,93440,13066,907,48484,4278,13756,112454,151,19049,-63130,608,-1571,3877,1222,3704,36392,10288,886,-1769,-685,2950,390,9402,1660,-33,7775,-0.09999999999999998,138185,153045,-14860,-1.5299999999999994,20624609,7.96320639323676,-20479869,10.59,10.6,30.82,1.01,21.04,-1.55,37.55,43.32,317.34,135.51,13.7,44.35,3.84,27.83,2.85,44.8,48.54,363.43,180.19,0.02,10.56,-11.02,3.37,-14.49,12.42,31.46,215.73,76.73,11.87,2.42,-7.97,-31.55,25.67,52.21,18.79,7,-18.54,29.73,8.25,10.08,-9.49,0.01,0
0400000US42,42,PA,Pennsylvania,283.8983364498191,35,12702379,719660,10094652,1327091,16909,346288,2715,16469,178595,9910224,459421,8111276,963866,13163,264676,2109,9383,86330,2792155,260239,1983376,363225,3746,81612,606,7086,92265,426113,197112,97820,8840,87775,2677,229001,177332,259,51410,0.77,5567315,5018904,548411,9.85,115883064314,44742.703176230934,3397122731,290.6133491758097,44,13002700,1049615,9553417,1368978,15028,506674,3162,54541,451285,10353548,704258,7884010,1039831,12123,398348,2519,36798,275661,2649152,345357,1669407,329147,2905,108326,643,17743,175624,404096,179572,81297,4476,90797,3002,224524,176483,57,47984,0.63,5742828,5210598,532230,9.27,115881934065,44742.26678463375,3397760687,6.715012725990562,9,300321,329955,-541235,41887,-1881,160386,447,38072,272690,443324,244837,-227266,75965,-1040,133672,410,27415,189331,-143003,85118,-313969,-34078,-841,26714,37,10657,83359,-22017,-17540,-16523,-4364,3022,325,-4477,-849,-202,-3426,-0.14,175513,191694,-16181,-0.5800000000000001,-1130249,-0.4363915971844108,637956,2.37,2.36,45.85,-5.36,3.16,-11.12,46.32,16.46,231.17,152.69,4.47,53.29,-2.8,7.88,-7.9,50.5,19.44,292.18,219.31,-5.12,32.71,-15.83,-9.38,-22.45,32.73,6.11,150.4,90.35,-5.17,-8.9,-16.89,-49.37,3.44,12.14,-1.96,-0.48,-77.99,-6.66,3.15,3.82,-2.95,-0,0
0400000US44,44,RI,Rhode Island,1018.1393986033258,40,1052567,130655,803685,51560,4020,29988,305,8875,23479,828611,84715,660823,37225,2933,23257,240,6401,13017,223956,45940,142862,14335,1087,6731,65,2474,10462,42663,12932,3783,456,8420,273,29731,24687,1385,3659,0.36,463388,413600,49788,10.74,2677566454,1033.8142315717294,1323668539,1061.409263867051,49,1097379,182101,754050,55386,3513,38367,320,11392,52250,887594,125988,642435,41924,2699,31412,255,8453,34428,209785,56113,111615,13462,814,6955,65,2939,17822,45755,12717,3082,341,9133,161,33038,25919,1219,5900,0.28,483474,441274,42200,8.73,2677759219,1033.8886585574915,1323691129,43.26986526372525,9,44812,51446,-49635,3826,-507,8379,15,2517,28771,58983,41273,-18388,4699,-234,8155,15,2052,21411,-14171,10173,-31247,-873,-273,224,0,465,7360,3092,-215,-701,-115,713,-112,3307,1232,-166,2241,-0.07999999999999996,20086,27674,-7588,-2.01,192765,0.07442698576210205,22590,4.25,4.26,39.38,-6.18,7.42,-12.61,27.94,4.92,28.36,122.54,7.12,48.72,-2.78,12.62,-7.98,35.06,6.25,32.06,164.48,-6.33,22.14,-21.87,-6.09,-25.11,3.33,0,18.8,70.35,7.25,-1.66,-18.53,-25.22,8.47,-41.03,11.12,4.99,-11.99,61.25,4.33,6.69,-15.24,0.01,0
0400000US45,45,SC,South Carolina,153.86749521960547,51,4625364,235682,2962740,1279998,16614,58307,2113,5714,64196,3544890,154176,2365767,932892,12613,44696,1562,2825,30359,1080474,81506,596973,347106,4001,13611,551,2889,33837,139154,63765,41649,2180,19020,916,75389,46463,19413,9513,0.9,2137683,1801181,336502,15.74,77856841944,30060.69601249118,5075831885,170.24936120107216,55,5118425,352838,3178552,1269031,16591,89394,3085,19354,189580,4014460,231124,2603975,964667,13333,70272,2212,12598,116279,1103965,121714,574577,304364,3258,19122,873,6756,73301,138603,56578,31693,1537,22638,710,82025,51443,17441,13141,0.62,2344963,2048912,296051,12.62,77866132568,30064.283142624598,5074311415,16.38186598146669,4,493061,117156,215812,-10967,-23,31087,972,13640,125384,469570,76948,238208,31775,720,25576,650,9773,85920,23491,40208,-22396,-42742,-743,5511,322,3867,39464,-551,-7187,-9956,-643,3618,-206,6636,4980,-1972,3628,-0.28,207280,247731,-40451,-3.120000000000001,9290624,3.587130133419123,-1520470,10.65,10.66,49.71,7.28,-0.86,-0.14,53.32,46,238.71,195.31,13.25,49.91,10.07,3.41,5.71,57.22,41.61,345.95,283.01,2.17,49.33,-3.75,-12.31,-18.57,40.49,58.44,133.85,116.63,-0.4,-11.27,-23.9,-29.5,19.02,-22.49,8.8,10.72,-10.16,38.14,9.7,13.75,-12.02,0.01,0
0400000US46,46,SD,South Dakota,10.73960244292109,27,814180,22119,689502,9959,69476,7553,313,458,14800,611383,12917,537069,6377,42323,5522,237,242,6696,202797,9202,152433,3582,27153,2031,76,216,8104,34050,14797,6327,1187,7005,278,19253,10248,597,8408,0.78,363438,322282,41156,11.32,196349580075,75810.99992548228,3379099963,11.695970278073986,36,886667,38741,705583,17441,74595,13332,493,2050,34432,669255,23855,556081,11408,47084,9918,395,1472,19042,217412,14886,149502,6033,27511,3414,98,578,15390,32153,15744,6709,598,8107,330,16409,8979,857,6573,0.76,393375,350560,42815,10.88,196345992286,75809.61467234597,3383664203,0.9563678351528964,9,72487,16622,16081,7482,5119,5779,180,1592,19632,57872,10938,19012,5031,4761,4396,158,1230,12346,14615,5684,-2931,2451,358,1383,22,362,7286,-1897,947,382,-589,1102,52,-2844,-1269,260,-1835,-0.020000000000000018,29937,28278,1659,-0.4399999999999995,-3587789,-1.3852531363081653,4564240,8.91,8.9,75.15,2.33,75.13,7.37,76.51,57.51,347.6,132.65,9.47,84.68,3.54,78.89,11.25,79.61,66.67,508.26,184.38,7.21,61.77,-1.92,68.43,1.32,68.09,28.95,167.59,89.91,-5.57,6.4,6.04,-49.62,15.73,18.71,-14.77,-12.38,43.55,-21.82,8.24,8.77,4.03,-0,0
0400000US47,47,TN,Tennessee,153.901321585815,40,6346105,290059,4800782,1049391,16302,90311,2767,6422,90071,4850104,182006,3787577,750653,13005,67288,2017,3012,44546,1496001,108053,1013205,298738,3297,23023,750,3410,45525,153472,84371,46957,2528,33041,1845,69101,53136,1544,14421,0.74,2812133,2493552,318581,11.33,106797885992,41234.89606592772,2355218865,167.60667428532295,47,6910840,479187,4900246,1083772,15539,134302,3594,23977,270223,5384473,305717,3958296,812207,12745,103925,2625,15557,173401,1526367,173470,941950,271565,2794,30377,969,8420,96822,156422,84053,47728,2088,32882,1355,72369,55024,1413,15932,0.69,3031605,2742947,288658,9.52,106791646253,41232.48688912844,2322913374,13.705352699507955,7,564735,189128,99464,34381,-763,43991,827,17555,180152,534369,123711,170719,61554,-260,36637,608,12545,128855,30366,65417,-71255,-27173,-503,7354,219,5010,51297,2950,-318,771,-440,-159,-490,3268,1888,-131,1511,-0.050000000000000044,219472,249395,-29923,-1.8100000000000005,-6239739,-2.409176799279521,-32305491,8.91,8.9,65.2,2.07,3.28,-4.68,48.71,29.89,273.36,200.01,11.02,67.97,4.51,8.2,-2,54.45,30.14,416.5,289.26,2.03,60.54,-7.03,-9.1,-15.26,31.94,29.2,146.92,112.68,1.92,-0.38,1.64,-17.41,-0.48,-26.56,4.73,3.55,-8.48,10.48,7.8,10,-9.39,-0.01,0
0400000US48,48,TX,Texas,96.25768960665968,64,25145561,9460921,11397345,2886825,80586,948426,17920,33980,319558,18279737,6143144,9074684,2076282,61856,716968,12912,21205,172686,6865824,3317777,2322661,810543,18730,231458,5008,12775,146872,581139,375392,267405,9908,94278,3801,205747,119834,35260,50653,1.06,9977436,8922933,1054503,10.57,676586997978,261231.71148978296,19074619314,111.55412086681513,67,29145505,11441717,11584597,3444712,85425,1561518,27857,113584,886095,21866700,7907319,9437993,2575257,67248,1205578,20144,77691,575470,7278805,3534398,2146604,869455,18177,355940,7713,35893,310625,606045,363370,248764,7645,102213,4748,242675,147089,34376,61210,0.85,11589324,10491147,1098177,9.48,676680588914,261267.847153732,18979352230,15.296431260155444,3,3999944,1980796,187252,557887,4839,613092,9937,79604,566537,3586963,1764175,363309,498975,5392,488610,7232,56486,402784,412981,216621,-176057,58912,-553,124482,2705,23118,163753,24906,-12022,-18641,-2263,7935,947,36928,27255,-884,10557,-0.21000000000000008,1611888,1568214,43674,-1.0899999999999999,93590936,36.13566394904046,-95267084,15.89,15.91,20.94,1.64,19.33,6,64.64,55.45,234.27,177.29,19.62,28.72,4,24.03,8.72,68.15,56.01,266.38,233.25,6.02,6.53,-7.58,7.27,-2.95,53.78,54.01,180.96,111.49,4.29,-3.2,-6.97,-22.84,8.42,24.91,17.95,22.74,-2.51,20.84,16.16,17.58,4.14,0.01,0
0400000US49,49,UT,Utah,33.63633668728793,34,2763885,358340,2221719,25951,27081,54176,23909,3724,48985,1892858,214494,1563568,16407,18438,41758,14719,2286,21188,871027,143846,658151,9544,8643,12418,9190,1438,27797,46152,22161,12666,3110,5854,531,23991,15666,523,7802,0.46,979709,877692,102017,10.41,212818329473,82169.61988742805,7063566754,39.71523445813109,41,3271616,492912,2465355,37192,28690,78618,35831,12566,120452,2324051,316610,1798000,25370,20985,62825,23424,8588,68249,947565,176302,667355,11822,7705,15793,12407,3978,52203,55465,20782,10680,2350,7358,394,34683,23887,412,10384,0.33,1151414,1057252,94162,8.18,213355058738,82376.85222402574,6529987297,6.078897770843163,7,507731,134572,243636,11241,1609,24442,11922,8842,71467,431193,102116,234432,8963,2547,21067,8705,6302,47061,76538,32456,9204,2278,-938,3375,3217,2540,24406,9313,-1379,-1986,-760,1504,-137,10692,8221,-111,2582,-0.13,171705,179560,-7855,-2.2300000000000004,536729265,207.23233659769176,-533579457,18.07,18.37,37.55,10.97,43.32,5.94,45.12,49.86,237.43,145.9,22.78,47.61,14.99,54.63,13.81,50.45,59.14,275.68,222.11,8.79,22.56,1.4,23.87,-10.85,27.18,35.01,176.63,87.8,20.18,-6.22,-15.68,-24.44,25.69,-25.8,44.57,52.48,-21.22,33.09,17.53,20.46,-7.7,0.25,0
0400000US50,50,VT,Vermont,67.8924054767898,11,625741,9208,590223,5943,2023,7875,140,537,9792,496508,6328,472559,3840,1619,5876,117,347,5822,129233,2880,117664,2103,404,1999,23,190,3970,25329,5571,1592,323,3588,68,19758,16895,5,2858,0.25,322539,256442,66097,20.49,23871030489,9216.656791073936,1035236182,69.7673537075323,20,643077,15504,573201,8649,1986,11457,170,2561,29549,524482,11113,474146,6143,1632,9117,144,1929,20258,118595,4391,99055,2506,354,2340,26,632,9291,24901,5044,1219,166,3608,51,19857,16195,0,3662,0.19,334318,271890,62428,18.67,23873081385,9217.448646480216,1030243281,1.8749482307424898,9,17336,6296,-17022,2706,-37,3582,30,2024,19757,27974,4785,1587,2303,13,3241,27,1582,14436,-10638,1511,-18609,403,-50,341,3,442,5321,-428,-527,-373,-157,20,-17,99,-700,-5,804,-0.06,11779,15448,-3669,-1.8199999999999967,2050896,0.7918554062798648,-4992901,2.76,2.77,68.38,-2.88,45.53,-1.83,45.49,21.43,376.91,201.77,5.63,75.62,0.34,59.97,0.8,55.16,23.08,455.91,247.96,-8.23,52.47,-15.82,19.16,-12.38,17.06,13.04,232.63,134.03,-1.69,-9.46,-23.43,-48.61,0.56,-25,0.5,-4.14,-100,28.13,3.65,6.02,-5.55,0.01,0
0400000US51,51,VA,Virginia,202.60842087796667,53,8001024,631825,5186450,1523704,20679,436298,5061,15338,181669,6147347,426857,4133385,1135015,16173,334140,3958,7833,89986,1853677,204968,1053065,388689,4506,102158,1103,7505,91683,239834,101333,65240,3862,30324,1907,138501,84048,37568,16885,0.82,3364939,3056058,308881,9.18,102278849309,39490.08617375833,8507698663,218.61531440611063,60,8631393,908749,5058363,1578090,19080,610612,6195,45394,404910,6745054,614314,4136979,1224840,15376,478337,4754,29385,241069,1886339,294435,921384,353250,3704,132275,1441,16009,163841,236646,96832,57014,2038,36195,1585,139814,92450,29880,17484,0.66,3618247,3321218,297029,8.21,102258180558,39482.105924042895,8528070310,16.006893528143962,7,630369,276924,-128087,54386,-1599,174314,1134,30056,223241,597707,187457,3594,89825,-797,144197,796,21552,151083,32662,89467,-131681,-35439,-802,30117,338,8504,72158,-3188,-4501,-8226,-1824,5871,-322,1313,8402,-7688,599,-0.15999999999999992,253308,265160,-11852,-0.9699999999999989,-20668751,-7.980249715437822,20371647,7.9,7.88,43.83,-2.47,3.57,-7.73,39.95,22.41,195.96,122.88,9.72,43.92,0.09,7.91,-4.93,43.15,20.11,275.14,167.9,1.76,43.65,-12.5,-9.12,-17.8,29.48,30.64,113.31,78.7,-1.33,-4.44,-12.61,-47.23,19.36,-16.89,0.95,10,-20.46,3.55,7.53,8.68,-3.84,-0.02,0
0400000US53,53,WA,Washington,101.18858314658102,45,6724540,755790,4876804,229603,88735,475634,38783,11838,247353,5143186,456355,3916304,168177,64574,373973,26642,7607,129554,1581354,299435,960500,61426,24161,101661,12141,4231,117799,139375,57844,31960,2030,22156,1698,81531,35534,12385,33612,0.48,2885677,2620076,265601,9.2,172119001610,66455.52087886122,12541835586,115.94714060166879,56,7705281,1059213,4918820,296170,91191,723062,62490,43221,511114,6024689,690674,4058504,223861,68149,584457,43639,31957,323448,1680592,368539,860316,72309,23042,138605,18851,11264,187666,160207,55485,26677,1532,25856,1420,104722,41091,16811,46820,0.35,3202241,2974692,227549,7.11,172117960159,66455.11877236496,12549742084,14.758557455087768,11,980741,303423,42016,66567,2456,247428,23707,31383,263761,881503,234319,142200,55684,3575,210484,16997,24350,193894,99238,69104,-100184,10883,-1119,36944,6710,7033,69867,20832,-2359,-5283,-498,3700,-278,23191,5557,4426,13208,-0.13,316564,354616,-38052,-2.089999999999999,-1041451,-0.4021064962580567,7906498,14.59,14.58,40.15,0.86,28.99,2.77,52.02,61.13,265.1,106.63,17.14,51.35,3.63,33.11,5.54,56.28,63.8,320.1,149.66,6.28,23.08,-10.43,17.72,-4.63,36.34,55.27,166.23,59.31,14.95,-4.08,-16.53,-24.53,16.7,-16.37,28.44,15.64,35.74,39.3,10.97,13.53,-14.33,-0,0
0400000US54,54,WV,West Virginia,77.08535682366674,13,1852994,22268,1726256,62122,3493,12285,387,1192,24991,1465576,14764,1376801,48118,2902,9825,305,568,12293,387418,7504,349455,14004,591,2460,82,624,12698,49382,28323,16591,1065,9748,919,21059,17113,79,3867,0.9,881917,763831,118086,13.39,62258675601,24038.21006159102,496845871,74.61023309193101,20,1793716,34827,1598834,64749,3187,14903,429,4652,72135,1432932,23483,1293040,52002,2761,12233,333,2981,46099,360784,11344,305794,12747,426,2670,96,1671,26036,52067,31305,19669,829,10456,351,20762,17006,0,3756,1.1,855635,743442,112193,13.11,62266296765,24041.15260958738,489206049,-2.475123731735735,7,-59278,12559,-127422,2627,-306,2618,42,3460,47144,-32644,8719,-83761,3884,-141,2408,28,2413,33806,-26634,3840,-43661,-1257,-165,210,14,1047,13338,2685,2982,3078,-236,708,-568,-297,-107,-79,-111,0.20000000000000007,-26282,-20389,-5893,-0.28000000000000114,7621164,2.9425479963610996,-7639822,-3.21,-3.2,56.4,-7.38,4.23,-8.76,21.31,10.85,290.27,188.64,-2.23,59.06,-6.08,8.07,-4.86,24.51,9.18,424.82,275,-6.87,51.17,-12.49,-8.98,-27.92,8.54,17.07,167.79,105.04,5.44,10.53,18.55,-22.16,7.26,-61.81,-1.41,-0.63,-100,-2.87,-2.98,-2.67,-4.99,0.01,0
0400000US55,55,WI,Wisconsin,105.00769015334218,30,5686986,336056,4738411,350898,48511,128052,1565,4095,79398,4347494,199822,3753673,234526,34419,86610,1200,2113,35131,1339492,136234,984738,116372,14092,41442,365,1982,44267,150214,74295,38102,1743,33808,642,75919,56773,132,19014,0.67,2624358,2279768,344590,13.13,140268064888,54157.80493500356,29366760483,108.80614756827397,37,5893718,447290,4634018,366508,48384,174267,1892,17613,203746,4612300,284069,3774226,258704,35459,126019,1446,12562,119815,1281418,163221,859792,107804,12925,48248,446,5051,83931,151299,65540,32853,1183,30617,887,85759,60123,119,25517,0.56,2727726,2428361,299365,10.97,140292246684,54167.141579034345,29343721650,3.7984574149317893,7,206732,111234,-104393,15610,-127,46215,327,13518,124348,264806,84247,20553,24178,1040,39409,246,10449,84684,-58074,26987,-124946,-8568,-1167,6806,81,3069,39664,1085,-8755,-5249,-560,-3191,245,9840,3350,-13,6503,-0.10999999999999999,103368,148593,-45225,-2.16,24181796,9.336644030787284,-23038833,3.62,3.64,33.1,-2.2,4.45,-0.26,36.09,20.89,330.11,156.61,6.09,42.16,0.55,10.31,3.02,45.5,20.5,494.51,241.05,-4.34,19.81,-12.69,-7.36,-8.28,16.42,22.19,154.84,89.6,0.72,-11.78,-13.78,-32.13,-9.44,38.16,12.96,5.9,-9.85,34.2,3.94,6.52,-13.12,0.02,0
0400000US56,56,WY,Wyoming,5.805003282911831,25,563626,50231,483874,4351,11784,4279,365,437,8305,428224,32070,376530,3265,7764,3493,264,276,4562,135402,18161,107344,1086,4020,786,101,161,3743,13712,6701,3576,489,2450,186,7011,4443,503,2065,0.63,261868,226879,34989,13.36,251470069067,97093.1406118484,1864445306,5.9414810258878985,32,576851,59046,469664,4735,11781,5037,489,2425,23674,441337,38153,370041,3666,7883,4139,355,1760,15340,135514,20893,99623,1069,3898,898,134,665,8334,13328,6583,3352,342,2723,166,6745,4457,596,1692,0.58,271887,234965,36922,13.58,251458712277,97088.75573052849,1867503715,0.13647774297606752,7,13225,8815,-14210,384,-3,758,124,1988,15369,13113,6083,-6489,401,119,646,91,1484,10778,112,2732,-7721,-17,-122,112,33,504,4591,-384,-118,-224,-147,273,-20,-266,14,93,-373,-0.050000000000000044,10019,8086,1933,0.22000000000000064,-11356790,-4.384881319914712,3058409,2.35,2.35,17.55,-2.94,8.83,-0.03,17.71,33.97,454.92,185.06,3.06,18.97,-1.72,12.28,1.53,18.49,34.47,537.68,236.26,0.08,15.04,-7.19,-1.57,-3.03,14.25,32.67,313.04,122.66,-2.8,-1.76,-6.26,-30.06,11.14,-10.75,-3.79,0.32,18.49,-18.06,3.83,3.56,5.52,-0,0
0400000US72,72,PR,Puerto Rico,1088.210774853789,2,3725789,3688455,26946,4663,329,2930,77,1026,1363,2822494,2791782,22299,3805,266,2470,63,758,1051,903295,896673,4647,858,63,460,14,268,312,37955,24444,12979,1430,5817,4218,13511,2881,94,10536,0.35,1636946,1376531,260415,15.91,8867536532,3423.775141815329,4923745357,959.5696809715198,2,3285874,3249043,24548,4286,312,2746,91,2508,2340,2724903,2692743,21575,3785,276,2392,69,2089,1974,560971,556300,2973,501,36,354,22,419,366,37509,24907,11192,685,11518,1512,12602,2104,243,10255,0.34,1598159,1340534,257625,16.12,8868948653,3424.320364804779,4922329963,-128.64109388226916,0,-439915,-439412,-2398,-377,-17,-184,14,1482,977,-97591,-99039,-724,-20,10,-78,6,1331,923,-342324,-340373,-1674,-357,-27,-106,8,151,54,-446,463,-1787,-745,5701,-2706,-909,-777,149,-281,-0.009999999999999953,-38787,-35997,-2790,0.21000000000000085,1412121,0.5452229894499396,-1415394,-11.82,-11.81,-11.91,-8.9,-8.08,-5.17,-6.28,18.18,144.44,71.68,-3.46,-3.55,-3.25,-0.53,3.76,-3.16,9.52,175.59,87.82,-37.9,-37.96,-36.02,-41.61,-42.86,-23.04,57.14,56.34,17.31,-1.18,1.89,-13.77,-52.1,98.01,-64.15,-6.73,-26.97,158.51,-2.67,-2.37,-2.62,-1.07,0.02,0
